Town,County
Abbot,Piscataquis
Acton,York
Addison,Washington
Albion,Kennebec
Alexander,Washington
Alfred,York
Allagash,Aroostook
Alna,Lincoln
Alton,Penobscot
Amherst,Hancock
Amity,Aroostook
Andover,Oxford
Anson,Somerset
Appleton,Knox
Arrowsic,Sagadahoc
Arundel,York
Ashland,Aroostook
Athens,Somerset
Aurora,Hancock
Avon,Franklin
Baileyville,Washington
Baldwin,Cumberland
Bar Harbor,Hancock
Beals,Washington
Beaver Cove,Piscataquis
Beddington,Washington
Belgrade,Kennebec
Belmont,Waldo
Benton,Kennebec
Berwick,York
Bethel,Oxford
Bingham,Somerset
Blaine,Aroostook
Blue Hill,Hancock
Boothbay,Lincoln
Boothbay Harbor,Lincoln
Bowdoin,Sagadahoc
Bowdoinham,Sagadahoc
Bowerbank,Piscataquis
Bradford,Penobscot
Bradley,Penobscot
Bremen,Lincoln
Bridgewater,Aroostook
Bridgton,Cumberland
Bristol,Lincoln
Brooklin,Hancock
Brooks,Waldo
Brooksville,Hancock
Brownfield,Oxford
Brownville,Piscataquis
Brunswick,Cumberland
Buckfield,Oxford
Bucksport,Hancock
Burlington,Penobscot
Burnham,Waldo
Buxton,York
Byron,Oxford
Cambridge,Somerset
Camden,Knox
Canaan,Somerset
Canton,Oxford
Cape Elizabeth,Cumberland
Caratunk,Somerset
Carmel,Penobscot
Carrabassett Valley,Franklin
Carthage,Franklin
Casco,Cumberland
Castine,Hancock
Castle Hill,Aroostook
Caswell,Aroostook
Chapman,Aroostook
Charleston,Penobscot
Charlotte,Washington
Chebeague Island,Cumberland
Chelsea,Kennebec
Cherryfield,Washington
Chester,Penobscot
Chesterville,Franklin
China,Kennebec
Clifton,Penobscot
Clinton,Kennebec
Columbia,Washington
Columbia Falls,Washington
Cooper,Washington
Corinna,Penobscot
Corinth,Penobscot
Cornish,York
Cornville,Somerset
Cranberry Isles,Hancock
Crawford,Washington
Crystal,Aroostook
Cumberland,Cumberland
Cushing,Knox
Cutler,Washington
Damariscotta,Lincoln
Danforth,Washington
Dayton,York
Deblois,Washington
Dedham,Hancock
Deer Isle,Hancock
Denmark,Oxford
Dennysville,Washington
Detroit,Somerset
Dexter,Penobscot
Dixfield,Oxford
Dixmont,Penobscot
Dover-Foxcroft,Piscataquis
Dresden,Lincoln
Durham,Androscoggin
Dyer Brook,Aroostook
Eagle Lake,Aroostook
East Machias,Washington
East Millinocket,Penobscot
Eastbrook,Hancock
Easton,Aroostook
Eddington,Penobscot
Edgecomb,Lincoln
Edinburg,Penobscot
Eliot,York
Embden,Somerset
Enfield,Penobscot
Etna,Penobscot
Eustis,Franklin
Exeter,Penobscot
Fairfield,Somerset
Falmouth,Cumberland
Farmingdale,Kennebec
Farmington,Franklin
Fayette,Kennebec
Fort Fairfield,Aroostook
Fort Kent,Aroostook
Frankfort,Waldo
Franklin,Hancock
Freedom,Waldo
Freeport,Cumberland
Frenchboro,Hancock
Frenchville,Aroostook
Friendship,Knox
Frye Island,Cumberland
Fryeburg,Oxford
Garland,Penobscot
Georgetown,Sagadahoc
Gilead,Oxford
Glenburn,Penobscot
Gorham,Cumberland
Gouldsboro,Hancock
Grand Isle,Aroostook
Gray,Cumberland
Great Pond,Hancock
Greenbush,Penobscot
Greene,Androscoggin
Greenville,Piscataquis
Greenwood,Oxford
Guilford,Piscataquis
Hamlin,Aroostook
Hammond,Aroostook
Hampden,Penobscot
Hancock,Hancock
Hanover,Oxford
Harmony,Somerset
Harpswell,Cumberland
Harrington,Washington
Harrison,Cumberland
Hartford,Oxford
Hartland,Somerset
Haynesville,Aroostook
Hebron,Oxford
Hermon,Penobscot
Hersey,Aroostook
Hiram,Oxford
Hodgdon,Aroostook
Holden,Penobscot
Hollis,York
Hope,Knox
Houlton,Aroostook
Howland,Penobscot
Hudson,Penobscot
Industry,Franklin
Island Falls,Aroostook
Isle au Haut,Knox
Islesboro,Waldo
Jackman,Somerset
Jackson,Waldo
Jay,Franklin
Jefferson,Lincoln
Jonesboro,Washington
Jonesport,Washington
Kenduskeag,Penobscot
Kennebunk,York
Kennebunkport,York
Kingfield,Franklin
Kittery,York
Knox,Waldo
Lagrange,Penobscot
Lakeville,Penobscot
Lamoine,Hancock
Lebanon,York
Lee,Penobscot
Leeds,Androscoggin
Levant,Penobscot
Liberty,Waldo
Limerick,York
Limestone,Aroostook
Limington,York
Lincoln,Penobscot
Lincolnville,Waldo
Linneus,Aroostook
Lisbon,Androscoggin
Litchfield,Kennebec
Littleton,Aroostook
Livermore,Androscoggin
Livermore Falls,Androscoggin
Long Island,Cumberland
Lovell,Oxford
Lowell,Penobscot
Lubec,Washington
Ludlow,Aroostook
Lyman,York
Machias,Washington
Machiasport,Washington
Madawaska,Aroostook
Madison,Somerset
Manchester,Kennebec
Mapleton,Aroostook
Mariaville,Hancock
Mars Hill,Aroostook
Marshfield,Washington
Masardis,Aroostook
Mattawamkeag,Penobscot
Maxfield,Penobscot
Mechanic Falls,Androscoggin
Meddybemps,Washington
Medford,Piscataquis
Medway,Penobscot
Mercer,Somerset
Merrill,Aroostook
Mexico,Oxford
Milbridge,Washington
Milford,Penobscot
Millinocket,Penobscot
Milo,Piscataquis
Minot,Androscoggin
Monmouth,Kennebec
Monroe,Waldo
Monson,Piscataquis
Monticello,Aroostook
Montville,Waldo
Moose River,Somerset
Morrill,Waldo
Moscow,Somerset
Mount Chase,Penobscot
Mount Desert,Hancock
Mount Vernon,Kennebec
Naples,Cumberland
New Canada,Aroostook
New Gloucester,Cumberland
New Limerick,Aroostook
New Portland,Somerset
New Sharon,Franklin
New Sweden,Aroostook
New Vineyard,Franklin
Newburgh,Penobscot
Newcastle,Lincoln
Newfield,York
Newport,Penobscot
Newry,Oxford
Nobleboro,Lincoln
Norridgewock,Somerset
North Berwick,York
North Haven,Knox
North Yarmouth,Cumberland
Northfield,Washington
Northport,Waldo
Norway,Oxford
Oakfield,Aroostook
Oakland,Kennebec
Ogunquit,York
Old Orchard Beach,York
Orient,Aroostook
Orland,Hancock
Orono,Penobscot
Orrington,Penobscot
Osborn,Hancock
Otis,Hancock
Otisfield,Oxford
Owls Head,Knox
Oxford,Oxford
Palermo,Waldo
Palmyra,Somerset
Paris,Oxford
Parkman,Piscataquis
Parsonsfield,York
Passadumkeag,Penobscot
Patten,Penobscot
Pembroke,Washington
Penobscot,Hancock
Perham,Aroostook
Perry,Washington
Peru,Oxford
Phillips,Franklin
Phippsburg,Sagadahoc
Pittsfield,Somerset
Pittston,Kennebec
Plymouth,Penobscot
Poland,Androscoggin
Portage Lake,Aroostook
Porter,Oxford
Pownal,Cumberland
Princeton,Washington
Prospect,Waldo
Randolph,Kennebec
Rangeley,Franklin
Raymond,Cumberland
Readfield,Kennebec
Richmond,Sagadahoc
Ripley,Somerset
Robbinston,Washington
Rockport,Knox
Rome,Kennebec
Roque Bluffs,Washington
Roxbury,Oxford
Rumford,Oxford
Sabattus,Androscoggin
Sangerville,Piscataquis
Scarborough,Cumberland
Searsmont,Waldo
Searsport,Waldo
Sebago,Cumberland
Sebec,Piscataquis
Sedgwick,Hancock
Shapleigh,York
Sherman,Aroostook
Shirley,Piscataquis
Sidney,Kennebec
Skowhegan,Somerset
Smithfield,Somerset
Smyrna,Aroostook
Solon,Somerset
Somerville,Lincoln
Sorrento,Hancock
South Berwick,York
South Bristol,Lincoln
South Thomaston,Knox
Southport,Lincoln
Southwest Harbor,Hancock
Springfield,Penobscot
St. Agatha,Aroostook
St. Albans,Somerset
St. Francis,Aroostook
St. George,Knox
Stacyville,Penobscot
Standish,Cumberland
Starks,Somerset
Stetson,Penobscot
Steuben,Washington
Stockholm,Aroostook
Stockton Springs,Waldo
Stoneham,Oxford
Stonington,Hancock
Stow,Oxford
Strong,Franklin
Sullivan,Hancock
Sumner,Oxford
Surry,Hancock
Swan''s Island,Hancock
Swanville,Waldo
Sweden,Oxford
Talmadge,Washington
Temple,Franklin
Thomaston,Knox
Thorndike,Waldo
Topsfield,Washington
Topsham,Sagadahoc
Tremont,Hancock
Trenton,Hancock
Troy,Waldo
Turner,Androscoggin
Union,Knox
Unity,Waldo
Upton,Oxford
Van Buren,Aroostook
Vanceboro,Washington
Vassalboro,Kennebec
Veazie,Penobscot
Verona Island,Hancock
Vienna,Kennebec
Vinalhaven,Knox
Wade,Aroostook
Waite,Washington
Waldo,Waldo
Waldoboro,Lincoln
Wales,Androscoggin
Wallagrass,Aroostook
Waltham,Hancock
Warren,Knox
Washburn,Aroostook
Washington,Knox
Waterboro,York
Waterford,Oxford
Wayne,Kennebec
Weld,Franklin
Wellington,Piscataquis
Wells,York
Wesley,Washington
West Bath,Sagadahoc
West Gardiner,Kennebec
West Paris,Oxford
Westfield,Aroostook
Westmanland,Aroostook
Weston,Aroostook
Westport Island,Lincoln
Whitefield,Lincoln
Whiting,Washington
Whitneyville,Washington
Willimantic,Piscataquis
Wilton,Franklin
Windham,Cumberland
Windsor,Kennebec
Winn,Penobscot
Winslow,Kennebec
Winter Harbor,Hancock
Winterport,Waldo
Winthrop,Kennebec
Wiscasset,Lincoln
Woodland,Aroostook
Woodstock,Oxford
Woodville,Penobscot
Woolwich,Sagadahoc
Yarmouth,Cumberland
York,York
